{"cameraMode":{"drawMode":0,"name":"Shaded","section":"Shading Mode"},"sceneLighting":false,"audioPlay":false,"sceneViewState":{"m_AlwaysRefresh":false,"showFog":true,"showSkybox":false,"showFlares":true,"showImageEffects":true,"showParticleSystems":true,"showVisualEffectGraphs":true,"m_FxEnabled":true},"in2DMode":false,"pivot":{"x":2.0914134979248049,"y":1.8621286153793336,"z":2.1055548191070558},"rotation":{"x":-0.2374914288520813,"y":-0.27769044041633608,"z":0.07104314118623734,"w":-0.9281508922576904},"size":3.5035550594329836,"orthographic":true}