{"cameraMode":{"drawMode":0,"name":"Shaded","section":"Shading Mode"},"sceneLighting":false,"audioPlay":false,"sceneViewState":{"m_AlwaysRefresh":false,"showFog":true,"showSkybox":false,"showFlares":true,"showImageEffects":true,"showParticleSystems":true,"showVisualEffectGraphs":true,"m_FxEnabled":true},"in2DMode":false,"pivot":{"x":1.8485031127929688,"y":1.4733105897903443,"z":2.4580039978027345},"rotation":{"x":-0.29942864179611208,"y":0.34860333800315859,"z":-0.11858747899532318,"w":-0.8802109956741333},"size":4.457959175109863,"orthographic":true}