{"cameraMode":{"drawMode":0,"name":"Shaded","section":"Shading Mode"},"sceneLighting":false,"audioPlay":false,"sceneViewState":{"m_AlwaysRefresh":false,"showFog":true,"showSkybox":false,"showFlares":true,"showImageEffects":true,"showParticleSystems":true,"showVisualEffectGraphs":true,"m_FxEnabled":true},"in2DMode":false,"pivot":{"x":-0.7471256256103516,"y":-0.10645818710327149,"z":-0.0000010728836059570313},"rotation":{"x":-0.06138211488723755,"y":0.9201903343200684,"z":-0.1606253683567047,"w":-0.3517489731311798},"size":5.4585442543029789,"orthographic":true}