{"cameraMode":{"drawMode":0,"name":"Shaded","section":"Shading Mode"},"sceneLighting":false,"audioPlay":false,"sceneViewState":{"m_AlwaysRefresh":false,"showFog":true,"showSkybox":false,"showFlares":true,"showImageEffects":true,"showParticleSystems":true,"showVisualEffectGraphs":true,"m_FxEnabled":true},"in2DMode":false,"pivot":{"x":0.0437169075012207,"y":0.06333059072494507,"z":-2.384185791015625e-7},"rotation":{"x":-0.06138211488723755,"y":0.9201903343200684,"z":-0.1606253683567047,"w":-0.3517489731311798},"size":2.4613189697265627,"orthographic":true}