{"cameraMode":{"drawMode":0,"name":"Shaded","section":"Shading Mode"},"sceneLighting":false,"audioPlay":false,"sceneViewState":{"m_AlwaysRefresh":false,"showFog":true,"showSkybox":false,"showFlares":true,"showImageEffects":true,"showParticleSystems":true,"showVisualEffectGraphs":true,"m_FxEnabled":true},"in2DMode":false,"pivot":{"x":1.365230917930603,"y":-0.48290473222732546,"z":1.230078935623169},"rotation":{"x":0.12279675155878067,"y":-0.2573925256729126,"z":0.03301338106393814,"w":0.9579184651374817},"size":1.9010496139526368,"orthographic":false}