{"cameraMode":{"drawMode":0,"name":"Shaded","section":"Shading Mode"},"sceneLighting":true,"audioPlay":false,"sceneViewState":{"m_AlwaysRefresh":false,"showFog":true,"showSkybox":true,"showFlares":true,"showImageEffects":true,"showParticleSystems":true,"showVisualEffectGraphs":true,"m_FxEnabled":true},"in2DMode":false,"pivot":{"x":1347.3634033203125,"y":321.2402038574219,"z":80.79244995117188},"rotation":{"x":0.026770930737257005,"y":-0.006776218302547932,"z":-0.0012367580784484745,"w":0.9996856451034546},"size":365.84796142578127,"orthographic":false}