{"cameraMode":{"drawMode":0,"name":"Shaded","section":"Shading Mode"},"sceneLighting":true,"audioPlay":false,"sceneViewState":{"m_AlwaysRefresh":false,"showFog":true,"showSkybox":true,"showFlares":true,"showImageEffects":true,"showParticleSystems":true,"showVisualEffectGraphs":true,"m_FxEnabled":true},"in2DMode":false,"pivot":{"x":830.468505859375,"y":447.71722412109377,"z":85.90248107910156},"rotation":{"x":-0.0018784323474392295,"y":0.011248812079429627,"z":0.0014349909033626319,"w":-0.9999685287475586},"size":598.5289306640625,"orthographic":false}