{"cameraMode":{"drawMode":0,"name":"Shaded","section":"Shading Mode"},"sceneLighting":true,"audioPlay":false,"sceneViewState":{"m_AlwaysRefresh":false,"showFog":true,"showSkybox":true,"showFlares":true,"showImageEffects":true,"showParticleSystems":true,"showVisualEffectGraphs":true,"m_FxEnabled":true},"in2DMode":false,"pivot":{"x":997.6944580078125,"y":459.61968994140627,"z":260.40814208984377},"rotation":{"x":-0.05584988743066788,"y":0.015801532194018365,"z":0.0006044897600077093,"w":-0.9983343482017517},"size":410.43841552734377,"orthographic":false}