{"cameraMode":{"drawMode":0,"name":"Shaded","section":"Shading Mode"},"sceneLighting":false,"audioPlay":false,"sceneViewState":{"m_AlwaysRefresh":false,"showFog":true,"showSkybox":false,"showFlares":true,"showImageEffects":true,"showParticleSystems":true,"showVisualEffectGraphs":true,"m_FxEnabled":true},"in2DMode":false,"pivot":{"x":565.2575073242188,"y":364.3760681152344,"z":-4.8205718994140629},"rotation":{"x":0.06984180957078934,"y":0.0029914143960922958,"z":-0.00020885902631562203,"w":0.9975653290748596},"size":54.79866027832031,"orthographic":false}