{"cameraMode":{"drawMode":0,"name":"Shaded","section":"Shading Mode"},"sceneLighting":false,"audioPlay":false,"sceneViewState":{"m_AlwaysRefresh":false,"showFog":true,"showSkybox":false,"showFlares":true,"showImageEffects":true,"showParticleSystems":true,"showVisualEffectGraphs":true,"m_FxEnabled":true},"in2DMode":false,"pivot":{"x":7.415599822998047,"y":-0.8603818416595459,"z":13.478801727294922},"rotation":{"x":0.04036211967468262,"y":-0.4954761564731598,"z":0.023056406527757646,"w":0.8673782348632813},"size":3.2407338619232179,"orthographic":true}