{"cameraMode":{"drawMode":0,"name":"Shaded","section":"Shading Mode"},"sceneLighting":false,"audioPlay":false,"sceneViewState":{"m_AlwaysRefresh":false,"showFog":true,"showSkybox":false,"showFlares":true,"showImageEffects":true,"showParticleSystems":true,"showVisualEffectGraphs":true,"m_FxEnabled":true},"in2DMode":false,"pivot":{"x":1.968186378479004,"y":-0.6437696218490601,"z":1.176490306854248},"rotation":{"x":0.19780880212783814,"y":-0.30858638882637026,"z":0.06579165905714035,"w":0.9280874729156494},"size":3.9453985691070558,"orthographic":false}