{"cameraMode":{"drawMode":0,"name":"Shaded","section":"Shading Mode"},"sceneLighting":false,"audioPlay":false,"sceneViewState":{"m_AlwaysRefresh":false,"showFog":true,"showSkybox":false,"showFlares":true,"showImageEffects":true,"showParticleSystems":true,"showVisualEffectGraphs":true,"m_FxEnabled":true},"in2DMode":false,"pivot":{"x":0.1654946208000183,"y":0.09461826086044312,"z":-0.2381945550441742},"rotation":{"x":-0.16408616304397584,"y":0.3188416361808777,"z":-0.05616402626037598,"w":-0.9318322539329529},"size":3.8027400970458986,"orthographic":true}