{"cameraMode":{"drawMode":0,"name":"Shaded","section":"Shading Mode"},"sceneLighting":false,"audioPlay":false,"sceneViewState":{"m_AlwaysRefresh":false,"showFog":true,"showSkybox":false,"showFlares":true,"showImageEffects":true,"showParticleSystems":true,"showVisualEffectGraphs":true,"m_FxEnabled":true},"in2DMode":false,"pivot":{"x":0.4242629408836365,"y":1.0738885402679444,"z":3.4764373302459719},"rotation":{"x":0.10802727937698364,"y":0.8806130290031433,"z":-0.24229523539543153,"w":0.3926223814487457},"size":3.5318539142608644,"orthographic":true}