{"cameraMode":{"drawMode":0,"name":"Shaded","section":"Shading Mode"},"sceneLighting":false,"audioPlay":false,"sceneViewState":{"m_AlwaysRefresh":false,"showFog":true,"showSkybox":false,"showFlares":true,"showImageEffects":true,"showParticleSystems":true,"showVisualEffectGraphs":true,"m_FxEnabled":true},"in2DMode":false,"pivot":{"x":2.509493827819824,"y":-1.2232048511505128,"z":0.6542444229125977},"rotation":{"x":0.2436046451330185,"y":-0.23010613024234773,"z":0.059633973985910419,"w":0.9403086304664612},"size":3.658543586730957,"orthographic":false}