{"cameraMode":{"drawMode":0,"name":"Shaded","section":"Shading Mode"},"sceneLighting":false,"audioPlay":false,"sceneViewState":{"m_AlwaysRefresh":false,"showFog":true,"showSkybox":false,"showFlares":true,"showImageEffects":true,"showParticleSystems":true,"showVisualEffectGraphs":true,"m_FxEnabled":true},"in2DMode":false,"pivot":{"x":10.022744178771973,"y":-0.07336583733558655,"z":25.826690673828126},"rotation":{"x":-0.35808971524238589,"y":0.055420733988285068,"z":-0.021297931671142579,"w":-0.9318015575408936},"size":3.242622137069702,"orthographic":true}