{"cameraMode":{"drawMode":0,"name":"Shaded","section":"Shading Mode"},"sceneLighting":false,"audioPlay":false,"sceneViewState":{"m_AlwaysRefresh":false,"showFog":true,"showSkybox":false,"showFlares":true,"showImageEffects":true,"showParticleSystems":true,"showVisualEffectGraphs":true,"m_FxEnabled":true},"in2DMode":false,"pivot":{"x":0.43849658966064455,"y":0.017624318599700929,"z":-1.2583086490631104},"rotation":{"x":0.17436915636062623,"y":-0.24840159714221955,"z":0.0455097034573555,"w":0.9517476558685303},"size":1.3036603927612305,"orthographic":true}