{"cameraMode":{"drawMode":0,"name":"Shaded","section":"Shading Mode"},"sceneLighting":false,"audioPlay":false,"sceneViewState":{"m_AlwaysRefresh":false,"showFog":true,"showSkybox":false,"showFlares":true,"showImageEffects":true,"showParticleSystems":true,"showVisualEffectGraphs":true,"m_FxEnabled":true},"in2DMode":false,"pivot":{"x":0.5502381324768066,"y":-0.014818042516708374,"z":-0.37242239713668826},"rotation":{"x":0.21593892574310304,"y":-0.5701793432235718,"z":0.15853863954544068,"w":0.7766185998916626},"size":1.2224326133728028,"orthographic":true}