{"cameraMode":{"drawMode":0,"name":"Shaded","section":"Shading Mode"},"sceneLighting":false,"audioPlay":false,"sceneViewState":{"m_AlwaysRefresh":false,"showFog":true,"showSkybox":false,"showFlares":true,"showImageEffects":true,"showParticleSystems":true,"showVisualEffectGraphs":true,"m_FxEnabled":true},"in2DMode":false,"pivot":{"x":-0.027608096599578859,"y":0.5819547176361084,"z":-1.605151653289795},"rotation":{"x":0.20804356038570405,"y":-0.36400508880615237,"z":0.08377176523208618,"w":0.9039936065673828},"size":3.2855381965637209,"orthographic":true}