{"cameraMode":{"drawMode":0,"name":"Shaded","section":"Shading Mode"},"sceneLighting":false,"audioPlay":false,"sceneViewState":{"m_AlwaysRefresh":false,"showFog":true,"showSkybox":false,"showFlares":true,"showImageEffects":true,"showParticleSystems":true,"showVisualEffectGraphs":true,"m_FxEnabled":true},"in2DMode":false,"pivot":{"x":0.9288601875305176,"y":-0.23563051223754884,"z":2.7327141761779787},"rotation":{"x":-0.3300825357437134,"y":0.36245033144950869,"z":-0.13906362652778626,"w":-0.8604558110237122},"size":5.025463104248047,"orthographic":true}