{"cameraMode":{"drawMode":0,"name":"Shaded","section":"Shading Mode"},"sceneLighting":false,"audioPlay":false,"sceneViewState":{"m_AlwaysRefresh":false,"showFog":true,"showSkybox":false,"showFlares":true,"showImageEffects":true,"showParticleSystems":true,"showVisualEffectGraphs":true,"m_FxEnabled":true},"in2DMode":false,"pivot":{"x":0.9991675615310669,"y":0.1996120810508728,"z":0.40198761224746706},"rotation":{"x":-0.06893845647573471,"y":0.9071168899536133,"z":-0.16395847499370576,"w":-0.3815118074417114},"size":2.343334913253784,"orthographic":true}