{"cameraMode":{"drawMode":0,"name":"Shaded","section":"Shading Mode"},"sceneLighting":false,"audioPlay":false,"sceneViewState":{"m_AlwaysRefresh":false,"showFog":true,"showSkybox":false,"showFlares":true,"showImageEffects":true,"showParticleSystems":true,"showVisualEffectGraphs":true,"m_FxEnabled":true},"in2DMode":false,"pivot":{"x":1.2518086433410645,"y":2.520862579345703,"z":0.3628818392753601},"rotation":{"x":0.3459325134754181,"y":-0.5909131765365601,"z":0.30989256501197817,"w":0.6596351265907288},"size":1.7228820323944092,"orthographic":true}