{"cameraMode":{"drawMode":0,"name":"Shaded","section":"Shading Mode"},"sceneLighting":false,"audioPlay":false,"sceneViewState":{"m_AlwaysRefresh":false,"showFog":true,"showSkybox":false,"showFlares":true,"showImageEffects":true,"showParticleSystems":true,"showVisualEffectGraphs":true,"m_FxEnabled":true},"in2DMode":false,"pivot":{"x":4.965192794799805,"y":0.2527945637702942,"z":9.947303771972657},"rotation":{"x":0.12060560286045075,"y":-0.0000014201873455021997,"z":8.190352787096344e-7,"w":0.9927129149436951},"size":1.781026840209961,"orthographic":false}