{"cameraMode":{"drawMode":0,"name":"Shaded","section":"Shading Mode"},"sceneLighting":false,"audioPlay":false,"sceneViewState":{"m_AlwaysRefresh":false,"showFog":true,"showSkybox":false,"showFlares":true,"showImageEffects":true,"showParticleSystems":true,"showVisualEffectGraphs":true,"m_FxEnabled":true},"in2DMode":false,"pivot":{"x":-1.5204355716705323,"y":0.6475605964660645,"z":-0.7633628845214844},"rotation":{"x":0.19419759511947633,"y":-0.3554971516132355,"z":0.07578995823860169,"w":0.9111496210098267},"size":2.6991593837738039,"orthographic":false}