{"cameraMode":{"drawMode":0,"name":"Shaded","section":"Shading Mode"},"sceneLighting":false,"audioPlay":false,"sceneViewState":{"m_AlwaysRefresh":false,"showFog":true,"showSkybox":false,"showFlares":true,"showImageEffects":true,"showParticleSystems":true,"showVisualEffectGraphs":true,"m_FxEnabled":true},"in2DMode":false,"pivot":{"x":1448.2576904296875,"y":565.6207885742188,"z":88.363525390625},"rotation":{"x":-0.010828133672475815,"y":-0.02173612266778946,"z":0.001687104580923915,"w":-0.9997387528419495},"size":1137.7642822265625,"orthographic":false}