{"cameraMode":{"drawMode":0,"name":"Shaded","section":"Shading Mode"},"sceneLighting":false,"audioPlay":false,"sceneViewState":{"m_AlwaysRefresh":false,"showFog":true,"showSkybox":false,"showFlares":true,"showImageEffects":true,"showParticleSystems":true,"showVisualEffectGraphs":true,"m_FxEnabled":true},"in2DMode":false,"pivot":{"x":0.4076348543167114,"y":-0.499674916267395,"z":-0.1009988784790039},"rotation":{"x":0.12744538486003877,"y":-0.13494744896888734,"z":0.01752336695790291,"w":0.9824807643890381},"size":3.808227777481079,"orthographic":false}